-0.33466053474521074,0.412892217179974,0.21377303292123062
-1.7149383295182974,0.44320488341654285,-0.41544333922110765
-1.0377444707554946,0.4171818905691101,-0.8524453242774956
-2.128494615271049,0.4232696800902852,-0.5816676231063208
0.46906549019121524,0.42917084188445476,0.8578701321544495
0.18985812706753613,0.41690356281829377,0.4415370048975078
0.03592487490480378,1.471457267071899,1.1967182485947971
-1.6223388190376091,0.4714243767274774,-0.43330640254026176
0.8469008360595547,0.9222634300985149,-0.11182025610177737
0.5643289684585457,0.42648654861788354,0.8822932266597479
0.36327973635432365,0.4151172041624767,0.33245323401073446
-1.742395564581538,0.4330508301792559,-0.4034584752409257
-1.037792049085528,0.5187989626417201,0.10074631859503991
-2.29803665344851,0.4066834072630129,-0.9304228587823606
-0.35936184274609717,0.42107317615896994,0.759656264701398
-0.8708295924424232,0.4213528579923717,-0.6697640487652455
-0.7554109777508848,0.9683010611952605,0.03593824346171903
-0.9122338595078046,0.7533385646495875,0.06261064301944308
-2.171955792902076,0.43662323060046704,-0.534987147664293
0.5522921147353406,0.42519017122883873,0.9706095159853201
1.256353447924575,0.46421744735901926,-0.19097519144117658
0.2742160970648828,0.994373799482348,1.0776348072872663
-0.6456863220084043,0.4410982541333732,0.6875308359759715
0.3218896498334791,1.2957912266814071,-0.044287449627448794
-0.21745330847001798,1.471121427691202,-1.1713882714013852
-1.5682276115963947,0.9997239128447004,-1.0566701262978049
-0.15474995245748047,0.42160909771059035,0.7817225960253988
1.0096589995639045,0.44732829524979273,-0.2288712305425562
-1.3073348866949641,1.122004008894547,-1.0724325304387943
-2.1596216633713965,0.4256397905002262,-0.5768662843029394
-2.1301258940350127,0.43077624642731066,-0.5252384134649478
0.314452183259033,0.8874278001272802,1.0639272985498984
0.5926005993625234,0.4102238233242316,0.9447104631050858
-0.2479609264184035,0.4116590843452659,-0.7145057532241006
-2.5017692811089036,0.42061570234761586,-0.9591340590371953
-0.7442369294723259,0.41702233350449075,0.1753033572862872
0.014068931843867816,0.48130815736182897,0.5889056979572922
-0.017156352879100112,0.41873093923270865,0.2418251484385061
0.5293266504422769,0.44389724594237134,0.982174902933677
0.347749238547042,0.7997059919000764,1.0525866297889086
-0.9443634480781788,0.42315394232456605,0.14775864162653085
0.5997408946868223,0.4103329625456178,0.9379959200584131
-1.4982512663397534,0.5304811347417379,-0.45005211125509004
-0.4785255918932848,0.45942984939951637,0.6505284867146481
-0.592894982556017,0.4181990436687531,-0.687238295696609
-2.022755204437437,0.4220815898575242,-0.5079734488494653
-2.194943583630409,0.44151988252213087,-0.5437372915385189
-1.914739627163974,0.4140608961135295,-0.6035982906618208
-0.2509239359464508,1.4659301918463468,-1.1652611077252695
0.17431131544715384,0.43118766629308636,0.26187114325035754
0.517505587807354,0.42862897838860137,0.8684299447868618
-2.152412029374254,0.42504956564319674,-0.5780625614391636
0.5592346305984826,0.4268615638677202,0.8804754994267554
1.2665655791610426,0.48143971630296223,-0.176328349942243
-0.4724148392861174,0.4274070981744587,-0.8150618380342135
-1.4408285080249306,1.0608035999853156,-1.0643240843017368
1.265402939044371,0.4696907683586317,-0.18526273581065444
0.1608419913268817,0.5142664839989372,0.5663905315039983
0.4065930931927677,1.241478157083782,-0.05531090009296635
0.3907467022785094,0.41448185333988674,0.48167825015635324
0.43154861175800985,0.5986872734009692,1.022833477464555
0.8592729549774265,0.9138026230950533,-0.11355771583801921
0.5598193509569311,0.4340101887035478,-0.2596925214733189
-1.2176770361182903,0.47455246640179455,-0.3378193807706841
0.46544163798529814,0.532525752626017,1.009788647507244
-0.49524851438552897,1.4145277736072477,-1.133236629962364
-1.4251328002397923,0.4147509648660823,-0.6360228043733704
-2.273251787329571,0.6202634486473838,-1.0090935575452058
-0.8826124308695069,0.41964490033539953,0.15789203248479855
-1.9002446163323672,0.42085977490949983,-0.49226744128201616
0.5849305997853516,0.4251790537204055,0.5265046242100524
-2.5104360578572553,0.42637186762033275,-0.9628751688440076
-0.4725653185432096,1.4202001436223664,-1.1356328719206021
0.40073714189702336,0.41286856374132375,0.4843946177758831
-0.6548757390272203,0.4351275621955827,0.6995240969522023
-0.09651093623451024,0.4151376670726886,-0.29215481007882027
-1.879233984229286,0.4132901832929879,-0.6064257340251455
-2.1967135507294797,0.42927447403684016,-0.5693224274912293
-0.4765199637406232,1.245600629730061,-0.0038070751389387425
-1.7094108174224099,0.44305714248685446,-0.4699503382552285
0.576854657210631,0.42312940654407205,0.5247341060322877
0.2042905391773624,0.43408750933757095,0.26558598090495433
-1.7645068103429313,0.9009709362382936,-1.044785022684339
-0.9090406441979144,0.41870388003675385,-0.8447655542715018
0.1398072785647062,1.3161181017750827,1.128584187095757
0.5094712134378756,1.16950562656876,-0.06834671089001176
0.19610174473695796,0.5303072302508913,0.5596134054903557
-0.4907086744723703,0.41654474076979,-0.6943262544072278
0.3207519180218137,0.4105905113788656,0.3424286740659941
0.5172346025947301,0.4566322724408039,0.987821201655424
-0.6673496585508768,1.366288962024909,-1.1171309247197971
-0.10379889224145411,0.41943310920338855,-0.7743438603583986
-1.872953720304208,0.4220027611868976,-0.4889964157271385
-1.5012496143291285,0.5286600366933742,-0.44967996598281923
-1.6957213106181797,0.4485862549651347,-0.4201801338546398
-0.6275256162044454,0.4155499179525799,0.18738579141531542
0.03657793869438608,1.4708931302797845,1.1959678936342206
-1.3809830446910114,0.44432864056078,-0.3485205309798124
-0.3513370468273247,1.4475140877746973,-1.1500827608168882
-2.5064007115644786,0.4231814122028977,-0.9609004055650613
0.5522934523737324,0.4337720904890586,-0.26011285441334364
0.07818442523090363,0.42379988799979096,0.2512192606605257
0.6075734144240452,0.4179483562915219,0.910301974706049
-1.1290570172120107,0.41641138317847187,-0.8577391294483157
-1.3927378327392979,0.44252930777470356,-0.3493638367892342
-1.037535413484712,0.4578133788254588,0.11975751303056459
0.11816981668292059,0.42457451036634225,0.8101360530507631
-0.3039327150434943,0.41290653974673786,0.2164176601417307
0.04466859616057084,1.463363778468192,1.187441195181134
-0.051217919665483835,0.47524014839238504,0.5974095346110824
-0.5582652861139209,1.3979032227696382,-1.1269575950101742
0.4488164334985425,0.5635444208602558,1.0162892217624326
0.09370721018679751,1.399337315902431,1.1517333577290645
-1.7323804269192538,0.4249567904912849,-0.3903802407101854
0.1900293489621605,0.4130842484130788,0.3680565841124266
-0.5641745208939106,0.41475000320670086,0.19341991543243076
0.45051308398503886,0.5602468688770013,1.0156353788690098
-0.08629437873530477,0.42215430873888876,0.7887504391405582
0.6091599777445029,0.4139317865615543,0.921981177595623
0.5941588866709631,0.42265730180509137,0.8965673651112371
0.702335422359712,1.0264096514648435,-0.09262801950327249
0.4095069189999361,0.4117244697731053,0.4867034082326498
0.19984024716899418,1.1832938328490856,1.1041393032842752
-2.049156490376875,0.4235630754076302,-0.5117392799418162
0.8429361613558541,0.924994194623245,-0.1112678089064445
-1.261843215369173,0.4196026814758406,-0.6454206720902218
-0.9421951812007738,0.4229606809727068,0.14816022600590784
-1.8185677580178092,0.41234064916370816,-0.6109855711762006
-1.6840011721183157,0.42048067078062146,-0.3787033908447365
-1.1604891455984971,0.42262144896363835,-0.6511119670196721
1.0742826287350145,0.44927099304455953,-0.22258364780383566
-0.7637457680474362,0.4210755075130927,-0.8356623003304369
0.06331912492966763,1.4424889566536097,1.1715375260957275
0.8122940795845259,0.9463947308284772,-0.10706129779793616
-1.0169207715983213,0.5722109359360126,0.08968148485961525
-0.4125135326899769,0.46259568468597456,0.6414019166072187
0.42836671431724915,0.6054603892435568,1.0240190398661084
0.7078250645751032,0.49413086492318586,0.557431765259162
-2.2835251387669695,0.6141267504760168,-1.0081742227696593
-0.3844689608298182,0.4211681528545756,0.7567032018371036
-0.9583398047122447,0.42460349414790155,0.14505755362916894
-0.9312016478924778,0.4220869452007684,0.15013372056800778
0.5389759645125183,0.43515767340308154,0.9774695660933796
-1.5913406871326499,0.41217748856368996,-0.6260966564570267
0.486645938036248,0.4974441627123907,1.00115415220631
-1.6534348378585308,0.4117529119987005,-0.6221942958498158
0.6072445275066267,0.4181760703319384,0.9096640977622379
-1.0404622556758,0.4640230853014097,0.11714788636816298
0.08836473379580378,0.4488691712189094,0.39835497645997053
-0.6587536301805916,1.079183601248199,0.02170238267335023
0.6468967754949848,1.0677875100060084,-0.08558815158028699
0.3545479193388623,0.4282355516039789,0.8390046752936777
-0.5306481655363946,0.45598661874156465,0.6586600553565805
-0.3033170479555849,0.41279962529400355,-0.709263536531979
0.2600802842603229,1.331688638142171,-0.0359827853697543
-0.4755973631492878,0.41374083699801123,0.20147411285057437
0.529864126439151,0.414238995314801,0.5145379236552596
-0.5940445326712844,0.41512435010449034,0.19060956061230883
-0.17451619802567464,1.4770190001082744,-1.180473217879551
0.27693534257403907,0.4247818954378749,0.46933762036221327
-2.4453510713647537,0.40947370900080515,-0.9471577925081228
0.17608937553565474,1.2385915312907685,1.1133189774103973
-0.1697912722229753,0.4229193504687228,-0.7843563857526353
0.3148933714662552,0.8862550235648881,1.0637774924359784
-1.0109853387650174,0.5846460622143346,0.08743998281029453
0.47447842756068614,0.5169327809133181,1.006160186190755
0.22191571918400044,0.41025311659704156,0.3619820518834711
0.09081043508997366,1.4038914805029774,1.1534107362467145
-0.3445593664000417,1.448883450146388,-1.1509939825641546
-0.2806712151482592,1.366236117904416,-0.03164963727980852
-0.8609783660253388,0.8287307542008573,0.053084383218674924
-1.5857018533252119,0.4122315785441519,-0.6264447694449163
0.5571302542984289,0.4188044734936765,0.5204429868271756
-2.512798001039643,0.42918597923250346,-0.9644588437825656
-1.067925653305303,0.42574191016476964,-0.6564322751780993
-1.006256483476739,0.4346342766062502,0.1334507456539611
-0.11605815550549203,1.483542598908869,-1.1964079053792138
-0.5292401302152152,0.42313689658552583,0.7370456522628892
-0.4270625320598085,0.4214539056370212,0.7514698952731373
-1.1795246300290279,0.4220158726192229,-0.6500460748843647
-1.9173267089072006,0.41412372022287536,-0.6033869033963591
0.3060496088041118,0.4097124066931267,0.34553678452532655
-0.17691424794019883,0.4214655245688572,0.7794317951072935
-0.583834980737436,0.4251790211932859,0.7271414466162265
-0.8348165118435495,0.8651877354164381,0.048595641725650784
-1.5708082691496668,0.414749646132012,-0.8825924044938576
-1.7824998678929438,0.4137218427967365,-0.8947405320962238
0.2193860234995233,1.1355984607378502,1.096914600625923
-0.7855031462982949,0.42067738726885073,-0.8370617858590528
0.12327320025037558,0.4205710109860701,-0.28192056280058997
0.37763990311239337,0.41716876576641704,0.4779487620486724
-0.26682723427942046,1.4632906272710626,-1.1625746224804507
-0.5642721272436192,0.4531219170947485,0.6646696745614049
-0.966645863705802,0.4292804342010649,-0.6621480705029358
-0.7315285261312645,1.3461197434963263,-1.1118240876165466
-1.4834320999735005,0.41362780454657766,-0.6326105038197342
-1.7344852702760185,0.41170611949085245,-0.6168718827057605
1.0836581677506518,0.7812502381577822,-0.1535507411696042
-0.8697499180932682,0.41923770008006006,0.15974726941858997
0.4144609973610305,0.6360491132758763,1.0291343794654433
-0.0853550407133663,0.41537319708739107,-0.2916424478740337
0.6528314084813391,0.4369239916105437,-0.25433171752679873
-2.432684868322888,0.4085657965887415,-0.9452846860043145
-2.1255426276333678,0.43024715777145506,-0.5243474837315197
-0.4350867680107371,0.42152844853516974,0.7504459742181138
-0.8305459640932831,0.4199001730745623,-0.8399156418393665
-0.1471888957968306,0.42182102811095534,-0.7812442078532884
-0.8349508854344773,0.8650037411970111,0.048618199489098624
0.3515695952504929,0.789798073269181,1.051276915118695
0.0764237524097604,0.45617918240377425,0.402858385174095
0.7209419854364527,1.0126168614437074,-0.0950172674702432
-0.6292743866729607,0.4448147339390437,0.6805328922230613
-1.285532006327562,0.46087272549181746,-0.34206816426722975
0.04076922491381496,0.4848262532769418,0.5852391971998225
-0.6343804462613285,0.4156371562525489,0.18671493321210786
-1.4735705240879977,0.5463270436766923,-0.45308262128235666
0.18738493842731963,0.41688584540027573,0.44038071660457634
-2.1172124660986444,0.4225098564951385,-0.5832165771835746
-0.9116052202109125,1.283878090755116,-1.0982605274251054
-0.5852865775860526,0.45096511117619603,0.6689317055265191
0.21281474870865758,0.41778447231008053,0.4506553479189872
-0.07112101814822136,0.4114045172960352,-0.7391259652329323
0.5858995399865874,0.41102373821630744,0.949987316306715
-0.8536247374480714,1.3047851340985852,-1.1024492583546144
0.1332003465854592,0.42287245353496766,0.3793026588123054
0.45766019957896553,0.546680041582167,1.0128578488341151
-0.6737083291502088,0.41928902925939526,-0.6819461690009047
1.2291757106725667,0.45816659496306616,-0.1996838909804255
-1.1059421663385354,0.4165842092996746,-0.856408880964376
-0.5583550426692757,0.45367260026040823,0.6635507429977021
0.5837596254737714,0.411435801880924,0.9515413847196827
-1.7364311055427428,0.43622406603600905,-0.4076808562684736
-2.1453625294808925,0.40903321463733355,-0.9180888914610519
-2.2822303882169015,0.6149018661963946,-1.008291011415031
0.6687467752881937,1.0514473521590717,-0.08835099027468818
-1.6534885221910798,0.4199965518984364,-0.3739943516878623
-0.5638346554095354,0.4242744852509913,0.7310734913600967
0.11683818405379864,0.42455539560465894,0.8099910403887105
0.42221846401563545,0.44596585518515786,0.2992219093752859
-1.9404496897310284,0.4201729197028192,-0.4971984512351467
0.060639339832145644,1.4457712035464865,1.1735870980611567
0.16827145854769676,0.4160233308639021,0.3722671567069955
0.16135631076449197,0.4219876083775918,0.40907666518811525
0.2684813827453052,1.327018294586909,-0.037127335065771705
-0.4920758654119265,0.45862969532023745,0.6525413101519506
0.5927997025698128,0.4273474719371622,0.5282409081938582
-1.361602288288974,0.639904152561314,-0.46643412280662966
-0.8313521268209034,0.4183302896725014,0.16493094367719663
0.052106660065811994,0.42221458603159845,0.24856184183324848
0.11290145978906896,1.367039141979012,1.1413923162707504
1.2562353260798949,0.48481976332320265,-0.16125555041366324
-1.567770149399248,0.42308299902095575,-0.36400403915549495
-0.5890581378454285,0.42472081190850236,-0.8238080188996137
-1.406644843783228,0.41515301487617273,-0.6370926666794705
-1.6867510154263619,0.44832205550690907,-0.46731939373498144
-0.08357774669888518,0.41823896744228206,-0.7704583100198151
-2.381654412237242,0.40675558296344894,-0.9388531422884387
-0.8828971495912301,1.2943289071832498,-1.1003161429518324
0.42090273285482027,0.44807928203427183,0.29761324468289185
1.1022098205985476,0.4502075025239893,-0.2195287679176251
-2.3780076277809172,0.5558135514170602,-0.9986928830049429
-1.1333747693634861,0.4163806713695335,-0.8579869543673667
0.4895417776807427,0.42906355726317685,0.8620396861476516
0.2559489646859163,1.0423391929824042,1.0839423525090301
-2.0378404138730652,0.4182110747162525,-0.5924292863520728
-1.5154984796608435,0.41310817740158084,-0.6307047376819594
-0.44340769361512034,1.4272399266964457,-1.1388361862459093
-1.9284320657255976,0.8145118894296342,-1.0344679731479829
-1.4003471493144637,0.4152033193898399,-0.8730445706721248
-1.593695164144595,0.41215564759501955,-0.6259510160606185
0.651196918702587,1.0645702908794257,-0.08613089436124599
-1.8721129962644092,0.4220471770009593,-0.48889642103791764
0.2982533282536741,1.3099285684007425,-0.04114211309268412
-1.8170714172078066,0.42624562675878014,-0.4824238043183542
-0.12795967834894506,0.4710658578671057,0.6068528768175248
-0.8816009072870434,0.41909883929425573,-0.8430865188130261
0.24133244813592114,0.4264735005566052,0.8242076567385703
-1.0389164513086864,0.5147751623858875,0.10171236257570859
-2.1933857078455574,0.4486388703296297,-0.5608260278984744
-0.31326577041936177,0.4308224946241417,-0.8013468978343681
-1.043509965923435,0.48886508287223895,0.10865160828724085
-1.03259017353316,0.5347049854923387,0.09714543720229774
1.2676217959412748,0.4784294537255845,-0.1783253242531897
0.07411130277803091,1.4283756064421458,1.1638659893574592
-0.07337363138352182,0.4112787455782849,-0.7386051737862662
-1.7352630206426072,0.4378408376193663,-0.47294340837090254
-2.0280589652420353,0.41778379848033287,-0.5934221024140829
-1.681016279415386,0.4116696096365689,-0.62041539079558
-0.5995637587193214,0.4182959984516646,-0.6867925206412197
-0.5215300909115099,0.4262707886420558,-0.8188470466975635
0.6091069880752735,0.41642380274014384,0.9145930808495357
-2.196320815603386,0.44814479667399587,-0.5592408823452711
-2.201923967258905,0.4461983658143349,-0.5538458243594772
-0.24826769067561338,0.4124943705793813,-0.2990887394265521
-0.1930775167455705,0.4239393242449526,-0.7873280968258459
0.058858582819021565,1.4479016597388477,1.174985992091545
-1.8703276528651123,0.41312267398097335,-0.6071150704462892
0.5745546068343879,0.41400059473494133,0.9577272503528127
-0.28222354403460614,0.4313855868071107,-0.7983070244834254
-0.031010408799519107,0.41815061572451323,0.2405228988422874
0.04137711707010072,0.41837065119587596,-0.2857750657830621
-1.646344696263977,0.46324607376903437,-0.42949445542546283
-1.1020725705636782,0.41661455699908745,-0.8561855838215642
0.16842782428996306,1.2557142659424936,1.1163987679750973
-0.9184878654954207,0.41857370712322395,-0.8453398637327263
0.1942845218727427,0.4169789651494637,0.44349865842842373
0.5674355819941426,0.42623158058437205,0.8834588820386922
-2.028342801290715,0.42236090312011476,-0.5087540025140364
-1.5332268758700494,1.0167522010159142,-1.0587708816962258
-1.9463687512776882,0.41211620089257667,-0.9046858623679748
-2.1729176426649426,0.43678834428688995,-0.5352675759724324
-0.07583983387701809,0.41778629198128286,-0.7687873124974509
-0.7151633353705722,0.42201466376452357,-0.8324828093549426
-1.5344563575222794,1.0161571609305895,-1.0586970949625418
0.4957837884908052,0.4289997845857342,0.863387671896368
-0.05820482960839879,0.41711567537148014,0.23800190068609872
0.3068007672189781,0.4097499083169861,0.34538078858249266
-1.5169570868078524,1.0246047877889495,-1.0597473825250612
0.9778493356994924,0.8383386459940845,-0.13172874159450276
-0.03404009520996487,0.4180285626226948,0.2402398056103312
-0.19014213926553936,0.4213880819350134,0.7780584434891991
-0.6910876399841543,1.0438553572452431,0.0263686944679975
-2.4797463877462964,0.4139406291527178,-0.9533153762211266
-2.007298710650609,0.4169388883176212,-0.5954556689932836
0.09783829102183383,0.4442168334306936,0.3951695675616327
-2.4565841844765925,0.41053554645525114,-0.9489611958387123
-0.6626299613947422,0.41599543764404395,0.18390650627779448
-0.3475711919076683,0.4210445465358288,0.7610153600425784
-1.0239283037071694,0.44342890661052825,0.127184333958672
0.5281617712748252,0.4140039553841653,0.5141686436310835
0.1611760431006375,1.2715681683281361,1.1193774781784331
0.18192783206260055,1.2252983201694752,1.1110141094428447
-0.46703004000907833,0.4275310104943879,-0.8146364694606136
0.5213126307716909,0.4521172473899835,0.9859450057848711
0.39216940835964653,0.4207911931107963,0.32395166562611566
-0.8356907046044515,0.4184158715017135,0.16436846169297592
1.2714496686648973,0.4729114503267432,-0.1672297327065988
0.43261603415846506,0.42996836306463637,-0.2665751975610565
-2.1704108445496604,0.43636221938203135,-0.5345451404998693
-1.8677156242512434,0.42228871647403143,-0.48837407187600046
0.6060415479032568,0.41173817598411583,0.9297940618245029
-0.454591376686341,0.4278162220753116,-0.8136454065387169
-0.5441666323163339,1.1902333392962314,0.005588724315340521
0.21191453076577083,0.4177296490683496,0.45033738461598083
-0.5501692278787804,0.4145781609862432,0.19471900171212075
0.5820749384690354,0.42467188484610024,0.8897390341265157
-0.04576129781428662,0.41624859735256414,-0.2898193812896117
-0.5443135617590547,1.1901049470455212,0.0056091534871731685
-1.26646933434292,1.140126766503151,-1.0749510110708014
-2.4781859472482792,0.41363730201968035,-0.9529846694564147
-1.6912071750487971,0.44723341219488294,-0.4678375298501033
-2.1203597423133433,0.42966910659853796,-0.5233664422682406
0.12216572727424868,1.3502089787203027,1.1367956135179755
0.053817525489221696,0.4868321617967003,0.583396334451568
-0.9847324271484585,0.6345312992308021,0.07923426636278164
0.46204270153579174,1.203348188471942,-0.06237036445060973
-0.13662928781468286,0.410137237079506,-0.7275431978074396
-0.6479069766485539,0.41268928541804123,-0.3175536162892034
-1.0065435579870587,0.4347388365978958,0.13336297871577218
0.1179759549117656,1.3579158524082793,1.1388471522969381
-1.7252919978478403,0.4401295327357728,-0.41227201130755553
-0.3772584906195495,0.4295324175527639,-0.8071830571376992
0.11885658337540295,0.4265907723337146,0.38231737292647816
-0.6398414161332824,0.43009787960978124,0.7113959378020367
0.21346016300800463,1.1502443726554086,1.0990788114895078
0.11982023336719982,0.4263215587082455,0.382111591714845
0.5858303174211474,0.41103593144932454,0.9500384306781517
-2.501045848260665,0.46372355350143396,-0.9780585108362517
-1.6535715870423464,0.41999646479496405,-0.3740059622079408
-0.7117233363217904,1.0203833708467676,0.029391237901909895
-1.4817152478559743,0.5409261706530143,-0.45208850589356475
-0.37756945876007886,0.42113717028148034,0.7575232972412913
-2.514994324163661,0.4405609488170006,-0.9698446403350637
-0.12615470948551144,0.47113996714584033,0.6066352721690027
0.3320515722970503,0.8408135014463447,1.0579455570006402
-2.0822290445803584,0.42041347723428457,-0.5875781952131351
-1.998909382486684,0.4166201564919334,-0.5962517238836877
-1.008521070176532,0.43548454862351527,0.13274874890358168
0.6783588755541374,0.4672568691609096,0.5487585853152979
-0.5010488863357002,0.45806577105363366,0.6539089592129075
-0.7825811862134118,0.4175349973708013,0.17092861872731646
-1.2467227988855119,0.42001985249100937,-0.6462729608861834
-1.5021986845461652,0.42861268678378905,-0.3579447719148533
-1.007938242212286,1.2474414788118178,-1.091592483046891
0.29914920235859643,1.309401686244116,-0.04126197766506601
-1.9963448347255073,0.41144853298110534,-0.9078769677431899
1.2550153288549062,0.4637220610323215,-0.19157215004656836
-1.504032768177526,0.414937631840766,-0.8788418663900568
0.17813198112567674,1.233964373378893,1.1125086574899943
0.2919465759403168,0.40914988794949053,0.34841921502467055
-1.090687675214373,0.4167062572667085,-0.8555275620628922
1.1518446760789165,0.45220833955404216,-0.2133406860402569
-2.1279816152102855,0.42323411941542477,-0.581739894073344
-2.203191506468911,0.40802651558656444,-0.9224563424583023
-1.0276373334190245,0.5476442551548437,0.09443034110214543
0.7512496760234628,0.9903269334878582,-0.09894788341417193
0.608111544443604,0.4175274840782847,0.9114813378476689
0.2658004089106012,0.42317560150514477,0.466476607555836
1.266655723530853,0.4812385335864472,-0.17645701851880258
0.42355162434316584,0.44206307474858936,0.30232833221593713
0.16748321219389228,0.4177715830352742,0.42800834096616147
-0.4311131916065438,0.41334104928779747,0.20540364875425898
1.0274639420025693,0.8103664944608857,-0.14076882776411614
0.041410839246013964,0.48492016379868436,0.5851494162014417
-0.2310233748273791,0.4113329105544583,-0.7162318330185677
0.16006297641929046,0.4204374312851552,0.41471186345239763
-0.6697030781703002,0.4192391720657778,-0.6822032870747039
-1.930244431580469,0.4144515231013288,-0.6023194900904774
0.05238431098122698,1.4552973072474877,1.1803519105344626
-1.0290598689652484,0.5440720032196849,0.09516315494036798
0.6650443104473942,0.45826610309794036,0.5452431177381274
0.4616030689103816,0.40912813192810843,0.49937992290497557
-0.5720083805978043,0.4523667488822095,0.6661818931868151
-0.95456201129186,0.6862629445504298,0.07163653692800542
0.5854958830072226,0.42419160384345167,0.8914649655593496
-2.325512073137747,0.40649314759441957,-0.9329993627318298
-1.5765434113742638,0.42252992836343684,-0.36489331672231395
-1.143686530029601,1.192732476387577,-1.0826739316330982
0.834732450245913,0.9306735495768912,-0.11013096141271994
-1.3553781727277772,0.4163773117223175,-0.6400336536879285
0.7611459638177354,0.4402168236369132,-0.24761329932076215
0.27118111585314875,0.4239328419782174,0.46787287799362876
-2.073903697640654,0.41025613862625765,-0.9130384521676205
-2.310441117063182,0.5978920865873338,-1.0056802983444502
0.607812629071524,0.41264235442294794,0.9262957812910793
0.19928595628772472,0.41712409979308707,0.44557704534288023
-1.2617655959610028,0.41960479180695254,-0.6454250511619859
-1.1714342720517934,0.41613032497898894,-0.8601631716785447
0.22790699323155605,0.4189062300038491,0.4556677976585344
-0.46327920376272624,0.4276171758614816,-0.8143388780763097
0.16160211660720303,1.2706464975215641,1.1192006347543033
-0.2181922761012216,0.46818933661437057,0.617595261131626
-0.653638588221999,0.4339384725417621,0.7021251551205903
0.07761330692598944,0.4553595231759072,0.4023781106676718
-0.5818933816895702,0.4248832341186442,-0.8232935098488443
-0.5478320542482082,0.41750887678387577,-0.6903004827134468
0.17103832686654097,0.41740561899321726,0.43090207264516067
-2.142140060672748,0.4322499252273261,-0.5276960445840533
0.25630791980147904,1.3337632961862191,-0.03546707855759812
0.3845686322718096,0.42862794179073094,0.8434308883609909
0.5146451994461219,0.41233615034278115,0.5112283076242901
-0.5778692848888978,0.42488460864466937,0.7283623118376827
0.4750310360739358,0.40943153758720197,0.5024470619557277
-0.5653420737782748,0.4530199228910058,0.6648753538802852
-1.7134920751475857,0.44217906859128037,-0.4704233230214615
-2.187412380276875,0.42823992264331906,-0.5715172366318488
1.060923827185487,0.44885001656835244,-0.22396349623060596
0.512386606119061,0.42874017176242796,0.8671865512440668
-0.18450840056986473,0.4134690988754097,-0.2961813429788732
-0.4983520273306534,0.41667951708565,-0.6937770587866167
1.0508582456809963,0.7979641581157322,-0.14561523903026852
0.22413519070027066,0.4101148478161566,0.3615605655801448
-1.711622523977664,0.44414789487755246,-0.4163436885403935
-0.6714428299564308,1.3650362377791683,-1.11678319837666
0.39494639983341884,1.2492517731558999,-0.05381467298173215
0.5523547363190384,0.42514905418506804,0.9705760641710246
-0.7220390175860406,1.3491719510041167,-1.1125901691471234
-0.01849732946929472,0.4778993896855249,0.5932180368648341
0.3576303953312756,0.48476142498251273,0.27533240528790026
-0.08327215500688179,0.41822093816792055,-0.770394617660163
-0.030314359197936236,0.41926457540952167,-0.7469556326382296
0.19310521046851115,0.4169537253173734,0.4429883017631855
-0.4095128664536687,0.42883182679503223,-0.8099463034298562
0.39325228891747055,0.6854530356990469,1.0367564793637485
-1.1253723395029274,0.42391505080272973,-0.653205287349511
-1.6854445053269467,0.45146997964773405,-0.4223648027240908
-2.128626521642458,0.4232788398943501,-0.5816490102875488
0.7201753064481973,1.013183765828885,-0.09491849153323373
0.058182739944659057,1.448699504908947,1.1755250532499744
1.2677112478530854,0.47802404564158973,-0.17860681732187933
-0.9472153017725191,0.6982917330403211,0.06996203095062259
0.37744171231230683,0.4172148993298341,0.4778907214161876
-0.23275639256889558,1.468810329665746,-1.1684999826242215
-0.38319062454109476,1.3100889722513758,-0.016872897329865744
-0.6521233462977205,0.42332591109992546,-0.8282304393027551
0.5999641239016993,0.4103563825355446,0.9377567221509533
-0.11346189338558998,0.41020504868536245,-0.7310412026809903
0.5988891988025704,0.421521997735722,0.9000607189988907
0.4185967194263245,0.45087041463601935,0.2955607296668967
0.17049934474518946,0.4308419039777702,0.26141537042686913
-0.5731181649967295,1.3938051821569377,-1.1255489451302774
-2.2095704749438263,0.43094463466753974,-0.5656448618445432
-1.913027807169187,0.4140198378437647,-0.6037377367052558
0.6094649571523194,0.4156069988727254,0.9169369360250259
-0.8911726642096299,0.7849955509890101,0.05855509070174891
-0.34905290598682637,0.41291457173772217,0.21253239314006134
-1.1772237601895925,0.4220881590936212,-0.6501749585712892
-1.1111876136220393,1.2061719766170447,-1.0847669888391265
-0.8295286094110494,0.41789300526118345,-0.3264234486491957
-1.6683063474603241,0.4564372533351131,-0.4256739513695901
0.14688098010146056,0.42880533001037313,0.25866307865770244
0.10574416821158872,0.4409093174375746,0.39269765142028956
0.6060289446508269,1.0983431114047508,-0.08044822230842463
-0.03206255181053863,0.41702745625982013,-0.7527432610518521
0.1301557822189392,0.503820289261419,0.5717038176795166
-0.4206093437700733,0.42858511874833405,-0.8108734514933129
-1.3285367696255463,0.41541537248817517,-0.8690282298826085
-1.8452753417645233,0.4237686181146828,-0.4857242462642448
-0.8741685891832326,0.8098522254036467,0.05543094983539398
-1.005080476262524,0.59647915177736,0.08538978265228847
-0.8763884850804075,0.8066409617822048,0.05583214250658086
-1.3372159776632628,0.45149956151636345,-0.3454814147748805
0.4430395560042186,0.5749864215865043,1.018500369688155
0.38586187455414955,0.4719846870039237,0.28213055208896676
0.31522254126909965,0.4102241313357142,0.3436119158346518
0.15100658506223907,1.2931884431016594,1.123672123722472
-0.5776946364514777,0.4179731054079088,-0.6882612190694952
0.4097607601842497,0.42669096063966233,0.3168542698561616
0.9507740324773781,0.8545614015291076,-0.12725866597191815
0.5917822898922211,1.1089641300467183,-0.07866186934601793
0.814777192160475,0.4417959575690046,-0.24404031208358434
0.21828951417976783,0.4233172085464856,-0.2773613161005526
-0.03735110831303423,0.4762857977756412,0.5956483603838236
-2.115154133590491,0.4291091617761312,-0.5224066795756603
-0.36178985954160026,0.42985790607249835,-0.8058186241228918
-0.29786258365387575,0.4126845293224669,-0.7097568003941974
0.21103418674274277,1.1561953586079043,1.0999710249947452
0.8558098219655705,0.44298044609585063,-0.24116797060790895
-1.0436796748282906,0.48342369464209806,0.11031413004038604
-0.08874631548410372,0.4161099499282812,0.23521891456852795
-0.5409038719575296,0.41134626837173016,-0.31251820594322377
-0.6426989705529784,0.41574290893876553,0.1858954538177322
-0.31827203325672404,1.45402669542877,-1.1546622556885584
0.5398602531063852,0.4333782101667091,-0.26080330407021246
-0.11170775469914229,0.47176724848075513,0.6048872877331246
0.4220988150952705,0.4356972177139642,0.30783372114048313
-2.1986155726636705,0.44762857314201854,-0.5576944528360019
-2.076666581920624,0.4255451227287471,-0.5159163278650347
1.2469768124822256,0.46138744592649755,-0.19462610385041823
-1.5162269123677152,0.42723493645584765,-0.3591668644757413
-0.3275911489803114,0.4115992927951575,-0.302704852814222
0.248052935850829,1.0628382179214715,1.0866980663305263
-2.4736793272439304,0.4128346940589756,-0.9520661083122826
0.23029032862539345,0.4191161478176201,0.4564125881161276
0.936404213984944,0.8634321612350435,-0.12498124406488831
0.2300968219372017,1.1087581604679435,1.0930525653380092
-0.12328091375820238,0.4712598389701358,0.606288467496291
-0.6261417550646333,0.41553230023195487,0.1875207533610066
-2.513507170041942,0.43034561924861414,-0.9650757921619366
-0.7320884001310852,0.9965100932587272,0.03241540517189856
-0.6133595291197587,0.4270851441348493,0.7202157768953692
0.7270790026284939,0.43919536964921324,-0.24979133882518256
0.3496286998105027,0.42816609517276677,0.8383044975040395
-0.6509953448090118,0.43270396329291894,0.7049403483855374
0.9591236706220849,0.8494888506974922,-0.1286103805321388
0.08783721214943618,1.4084740894939822,1.1551700031850227
0.1425689357137594,0.507722485682254,0.5696086606369133
0.4232802121309882,0.4382440880258644,0.30555929012654337
0.25248612184854813,0.40896343987054334,0.3561548267713479
-0.08222538156861892,0.41815924804555615,-0.7701751015928249
-2.0341184513408197,0.7569055106368531,-1.0274286872857095
1.2638600094927042,0.47900191580556273,-0.1639771566974655
-0.39528258368569524,0.4212247118521124,0.755403589024114
0.5689238010204447,0.41617583231458144,0.9612096043982101
0.2407733794359712,0.4264644928178706,0.8241400523718767
-0.2438916651634082,0.41255436577604865,-0.2988893071013399
-0.2078062361331694,0.4684633045792103,0.6163659752106005
0.08967404244186516,0.4363073349424518,0.388833393773256
0.171422589025791,0.51855705525046,0.5644435930733929
0.6092296472563805,0.41621383912304266,0.915191088870497
0.9774082914793703,0.8385976058962814,-0.1316537835399405
-0.5664762864850685,0.42438139660102797,0.7305786206401021
0.06335414755586766,1.4424454605601253,1.1715111616619767
-0.6075792848299137,0.42663643417703506,0.7217210733804182
-2.2988379666537764,0.40667593802207214,-0.9304958990308696
-1.9640378067332112,0.41188975445752946,-0.9058036416974835
0.10827090677648665,0.4244333308519531,0.8090608424009476
0.5297993059718742,0.41422994189594325,0.514523865812555
0.2055672071058372,1.169505849802532,1.101995794840051
-0.4441921373011275,0.41568747734399597,-0.6977492624837379
-1.0172660281756447,0.5714672617864648,0.08981865051205151
-1.9461856062616056,0.42016613706675493,-0.49791563047293963
1.0603699648466742,0.7930511739832193,-0.14774753542336416
-0.0946601636695712,0.4104981228910256,-0.7342711644069595
-2.352655184208209,0.57187231934792,-1.0014626619969649
-0.6180316139733333,0.44670742196948804,0.6770016645795449
-0.34017005266453637,0.41289868078794284,0.21329830669498206
-0.03306885420405936,0.4168192279509269,-0.7536887084765808
-1.6686731276626336,0.9498613277480155,-1.0506226427413916
0.5954405812693828,0.4223770493474158,0.8974476220840606
0.5631481131911302,1.1302147125506161,-0.07507522339855432
-0.9762315166995614,0.4271461822076247,0.14125083168974029
-0.7647871480418474,1.3352356261225087,-1.1091853892517425
-1.7075525330855423,0.41165416904379626,-0.618673501015376
-1.5504212656249103,0.4243131411322767,-0.36230727173309396
0.25698417975926113,0.4220129341482514,0.46412699396401846
-1.8922032394851047,0.4211373643814019,-0.491298202505165
-2.4515383484335063,0.5058988906125751,-0.9888876045612447
-1.7234465050745675,0.4406992321131331,-0.4128878278847501
-1.5847367757386799,0.9916287979841492,-1.0556787191363293
0.41438582320280415,0.4289422505004202,0.8481345823708073
-1.9208135680322693,0.4142098748827669,-0.6031007571756763
-0.4739743406102013,0.4110437471435596,-0.3094153251094942
0.6061040134599982,0.4188533769885333,0.9077634830066883
-0.09244216745936473,0.41522298341011954,-0.2919680023946484
-2.172910396910358,0.40854971505653914,-0.9201330334075484
0.05726506460455405,1.4497733199899439,1.1762644430070146
-0.5507766886890062,1.184421998266733,0.006508071367267387
0.6779203663626441,1.0445960718912501,-0.08951511448498484
1.1678663072281026,0.4530183570996382,-0.2110520438471124
-0.7305396054805529,0.4168481751052196,0.17680779069347352
0.5115002409264531,0.4633566546041685,0.9904155552288259
0.1901611947071944,0.5272294918513413,0.5608173609411484
0.8469385276606651,0.44272601124063526,-0.24180028888079474
0.32668715204483845,1.2928632045794868,-0.0449216941707018
0.1581474301776149,1.278083450554969,1.1206414330500685
-0.5463907754809285,0.42569618526337777,-0.8207036091589526
-0.6124262697887262,0.4270094357075674,0.7204653038784681
-0.13216395007666182,0.4217724628801406,0.7840468544126755
-2.1924855194363033,0.44083514953481606,-0.5424411533539778
-0.7981256565006138,0.4204531026168036,-0.8378672586331074
0.1607630353180114,0.41946953611007387,0.41876547579635526
-1.2901850727504485,1.1296456079512596,-1.073486842355195
0.8957350932901511,0.8894474238051595,-0.11881426346160695
-1.0237234732036251,0.5570283753323724,0.09255993032385912
0.006612125772562649,0.48044970006728516,0.5899073298304516
-0.2467702432063521,0.41318569651067866,0.2213381683349387
-2.1926546638712567,0.4288092330019017,-0.5703158898371529
0.3110368616178951,0.4275878631552651,0.833018488252437
-0.10538936848414004,0.4219874247374604,0.7867938422412761
0.7038708132701998,0.4897770459778653,0.5561704651200514
-0.030546509828087043,0.4176419538479961,-0.7506382932405189
-0.6399016350657472,0.42359059162005985,-0.827387494278585
-0.8291547156402084,0.4178778991204077,-0.3264046299200801
-0.418625249594736,1.2871814355375364,-0.011884184701801859
-1.172895259517413,1.1804768480776469,-1.080811977019543
-0.6763473063484529,0.416168355059127,0.18251513075634151
-2.200892081461947,0.44685067064724326,-0.5555329510099488
-0.5072489533183343,0.4576591510604343,0.6548719140548034
-1.4770172041162264,0.5440204725035682,-0.4526625865071946
-0.2643666123965285,0.4264019150626537,-0.7953943150671692
-1.740226294684386,0.4271729521762455,-0.39438196310805174
-0.6534010537643065,0.4379750338317939,0.6936293095175292
-1.6236429538664565,0.4709579372107563,-0.43310692811481977
-0.7181986888195216,1.0128690241339047,0.03034805071394464
-2.161389929207486,0.43492764228105485,-0.5321387209079713
0.571999752509869,1.1236620925361032,-0.07618369230072108
-0.35168849653875034,1.447442603773525,-1.1500358731128053
-0.5132269338662858,1.4099130115684575,-1.1313915295990258
0.8920864673155873,0.44401246579797526,-0.23851028408248687
-0.6252041012549439,1.1139747826902118,0.016931129082214946
-0.9001098235799745,0.7716845781658257,0.060248402092876185
-2.4950581877132194,0.4699679363075857,-0.9799078775819082
-0.6968498116836872,0.4164255689676589,0.18039787385115247
-0.04758061027128768,0.41750391908304707,0.23898156824121353
-0.35063301067275776,0.4114120948414759,-0.30375667745616164
-1.364757690475444,0.6367230867159508,-0.4660607601538259
0.49711896903060104,0.4106876152714073,0.507381867837589
0.9290105044084129,0.8680640169504639,-0.12383140590351083
0.17636979627504235,0.4313764374744834,0.26211870198970644
-1.4966367313327356,0.4291864512104679,-0.3574696218189407
-0.5104598129106901,0.42652725319505563,-0.8180080360236655
-0.6169359402593075,0.41854245367993737,-0.6856394753560667
-2.1937864582957367,0.4411877608127107,-0.5431046607633347
-0.35730924858897195,0.4113643720487901,-0.3040616474389982
0.1646266810125101,0.4166058647908641,0.3729815586345546
0.4725031328146445,1.1959703803951969,-0.06369236219939123
-0.05154939725377039,0.4224858343278272,0.792312694381252
-1.2304914030758052,0.42048106149531217,-0.6471863036738381
-0.22728124534371474,0.413364494731058,0.22302098040620422
-0.2753135776577196,0.4315044312470758,-0.7976081178265579
-0.02287454993464333,0.47750351401024893,0.593786220226133
-1.7440207841719548,0.4302114922711816,-0.39929464737099873
-0.19837437105587497,1.4738510799448823,-1.1752271430966972
-1.0257590753931116,0.5522211313477385,0.09350857967232784
-0.8615433956901932,0.8279290474149625,0.0531836583632006
0.3566758561101393,0.4851635510201736,0.2751308018005387
-1.9781772985356847,0.4117009322391245,-0.9067061670082186
0.4475954988702222,0.40920426354390327,0.4961094866208826
-1.0436712319858612,0.48247798117438623,0.11061242966961649
-0.6366631559035858,0.4296010645772832,0.7127287627770686
0.826687410735699,0.44214181871074204,-0.24321998229640884
-2.5119426993145657,0.4280274878876966,-0.9638225865160187
0.10510404335694679,0.42561047460529877,0.2540508061861644
0.4353622637976402,0.5906870809376464,1.021404572217769
-0.3806370282669078,0.4294603450625501,-0.8074775382898709
-1.730834373305401,0.42464885042728673,-0.38978295052965695
0.15591837526835328,1.2828377054072504,1.1215796652516248
1.1785524885915275,0.45363165573580366,-0.2094161760645703
0.37247569318194107,0.4782922421903797,0.27867454887153476
0.39550734350256844,0.4136696555247895,0.4829849718791164
-0.6321878238166971,0.4289896429141446,0.7144257959985749
0.3347229496309483,0.41172256157729653,0.33934591276531156
-0.6437208188474173,0.4126150433178589,-0.3173544914739015
-1.6886180899774939,0.4206589105334793,-0.3795152453205831
0.23913121579742325,0.4199671924038972,0.45908526098078073
-0.3420525275361086,1.3343668537777504,-0.022730256699946327
0.6618777925930801,0.4563357671880356,0.5444328364742701
-2.072249561668097,0.42519631054259943,-0.5152246095005848
-2.4800609157753675,0.4835832930542665,-0.983593957014625
0.19612827465206273,0.4124145309635162,0.3668889441321941
0.03445191976726392,1.4727049082675427,1.1984508403449758
-0.29090419076063345,1.3612678660258504,-0.030144889522035312
1.2603312859840776,0.4659996253384089,-0.18895139438586805
-0.5053975451957864,0.41680218604080854,-0.6932738638298382
-2.5136331431197125,0.43057874119529016,-0.9651975499241143
-1.1959638140621471,0.42150681523710104,-0.6491247684789857
-0.5992301712838314,0.44931915833858616,0.6720888432559133
0.08132867825795476,0.4397419985072099,0.3908235947280072
-0.40520881935615327,1.4360207695327292,-1.1432714233438177
-0.5534278887811662,0.4541146909096734,0.6626414098393021
-2.1980088642657627,0.4477814509878201,-0.5581420250542919
-2.0213181739426567,0.4220127367593429,-0.5077739959523057
0.060656086192178105,1.4457509754393871,1.173574086591376
0.5015805024300111,0.4760116755828576,0.9947933585357698
-1.5536358762830116,0.4148012817955978,-0.8816257199043374
-0.6314590559359123,0.4288979657728763,0.7146861187694309
-0.598234374800418,0.41517741825516535,0.19021065141139037
-2.3671289421743107,0.4065716828127561,-0.9372454216245598
0.0748669280458758,0.4235892528940266,0.25087681000319795
-0.027027287889421325,0.4771401490859857,0.5943230039032992
0.8225422234745228,0.44202164177276504,-0.2435066784011246
-1.033488074827361,0.532178597488469,0.0976963651750451
0.1319936332197411,0.4276099314099204,0.25698530957202204
-0.11259246730166805,1.4838702136968964,-1.1975500050591306
-2.056977010455542,0.4240806929540547,-0.5128968907845649
-1.3809210090859632,0.41525654330230094,-0.8719589664712295
0.0393850432696774,1.4683927998585047,1.1928571815148883
-2.1555002580850173,0.6888098329572886,-1.0186973332247333
-1.3720504626639047,1.0927084976793835,-1.0684830491049773
-1.6366278596153954,0.42014914076305676,-0.3717400166456968
-1.5574703777494372,1.0049769300215423,-1.0573158762351442
0.44516036224947975,0.4092604536013522,0.4955323505833866
0.421208828227267,0.6210108853598617,1.0266650339455514
-0.6687153256291996,1.365871514485842,-1.1170147579806697
0.45865945929535945,0.4291761553919934,0.855878288294057
-1.702026844534433,0.42138124118462383,-0.3820930901495635
1.0395880895251919,0.8038792163524551,-0.143218330676951
0.30744615462038394,0.42994478407299985,0.4767015585824437
0.3807238734045395,0.4285812382372026,0.8428481709174267
-1.310284616114901,0.4183503970536637,-0.6426785212135313
-1.0311797394178375,0.5385451403058966,0.09632164331340576
0.4070707966409228,0.42915759463549574,-0.26790722922764476
-0.3191438309553576,0.4128885035720852,0.21510898660018096
-2.3535726993210435,0.571297609193486,-1.0013659520840508
-0.12465956803920131,0.4206226522400535,-0.7778484059949897
0.30778204975141765,0.9051734690456179,1.0661921493218756
-0.07729194463844302,0.41646834099540553,0.23625721339524763
-0.26266157104438936,1.4639925440893917,-1.163265875920857
0.9212954073752406,0.8729447872648961,-0.12264615810836377
0.32184408665275055,0.42775462702712425,0.8344643810920254
-1.8439869733636614,0.4238664621635615,-0.48557282786915945
-1.006805498074136,0.434835037323962,0.13328259359708539
0.5799374551228464,1.1177727111820286,-0.07717784385332749
0.20713358373524748,1.1657066604925095,1.101413600495427
0.16109106318199107,0.4218091731060056,0.40968440930708105
0.4466193663500755,0.5678573690261293,1.017132882989731
-0.009039395652109428,0.4171120636423473,-0.2881210327406647
-1.8838659053434037,0.41338129946538,-0.6060642348345475
-1.1881534277496333,0.48095873655916377,-0.33603911142907916
-0.6992036397797481,1.0347100041044885,0.027552858989453588
-0.942217486976638,0.41825982781677895,-0.8467743623050578
0.35693160001416846,0.48505595308808624,0.275184678230582
-1.7813346955980265,0.4119677136031828,-0.6136459532929102
0.5078798107011024,0.4323627118534217,-0.26255760035586073
-0.25716913926261276,1.4649066487463496,-1.164190579306181
-0.9467487946745683,0.6990493690404249,0.06985751470305646
0.7530048930656346,0.9890441471577713,-0.09917720796475105
-0.09995821795997384,0.4103870302141602,-0.7333162848847603
0.6046530236051657,0.4195547744929794,0.9057820834925867
0.15169362748828696,1.2917511446929926,1.1233773009901176
0.37725715671174687,0.42821473630102425,-0.2694437491875321
-2.469582466596585,0.4121874862785784,-0.9512725221813052
-1.0334663374046151,0.45200233728789463,0.12247673986909202
-0.631746525350543,0.42893389327211684,0.7145839092713762
-0.12789055817952422,0.42080051538180124,-0.7783570818743483
0.20980901900893878,0.4176071459501952,0.4495838414160167
-1.7309636430060305,0.9182255511703781,-1.0468393378412335
-1.7608650542869482,0.43344881686561143,-0.4759041605127601
0.09453188352789232,0.4945996430242259,0.5773822014123029
-1.0007256855200972,0.6049351207162849,0.0839683786450709
-0.13904777144771563,0.4706295166881316,0.6081862146633434
0.3089516759856892,1.3035900225526194,-0.042570109146408575
0.35389070246855514,0.42747933189453247,-0.27063526390165615
0.3557610776178217,1.2747180712476378,-0.048737803633136956
-2.0412153030577542,0.42307434711969183,-0.5105848437085544
-0.13378801932571371,0.4211201397078186,-0.7792656157398503
-0.6460990883915323,0.4234559947496168,-0.8278157407906594
-0.5143554028991283,0.4571750650740793,0.6559952829173581
0.0611336771415012,0.42379158549452356,0.8040188101411185
0.12353756254258141,1.3476520203950832,1.1361331113079427
-0.5257969794714641,0.4563525162838058,0.6578525969173692
0.41176380177293015,0.45684988829271256,0.29141129543255007
0.7133083534642304,0.5006898710907208,0.5592495727245783
-1.0250248852295805,0.4442053410511483,0.1267138571152393
-0.7656424593419395,0.41730208307601646,0.17289301014380531
1.2470881672734908,0.4614142944141195,-0.19458845829560012
-0.07453723113397714,0.41771122596956145,-0.7684929709816131
-0.9652033138661533,0.42547097229451314,0.1436497522682536
-0.20383548019543518,0.4213146676355384,0.7766308651275606
0.1413159213067512,0.4283507836562212,0.2580311025037496
0.6095129651789994,0.41490377055104055,0.9190044580294312
-0.5010494228540994,0.45806573648007487,0.653909041885371
-0.6521831979165169,0.4331768675514549,0.7038465969311667
0.727716735360961,0.43921461819253405,-0.24975115749480548
-1.5758530922004035,0.4147339185915295,-0.8828767371803655
0.04241684906100174,1.4655576729720443,1.1896854497672866
-0.43571040799837657,0.4616055890972216,0.64450242016276
-0.193334408105726,0.4239499528122378,-0.7873597547896598
-0.61431446383689,0.4153817296802464,0.18866797318887008
-1.2694888025017987,0.46397078817774,-0.34104182538643457
-0.4262828671756387,0.41534134740722317,-0.6991080413142063
-2.433015509738543,0.5191645979208988,-0.9917164377740935
0.12145176723737117,1.3515332246182692,1.1371421719099197
-1.6597065491628842,0.42000933787765804,-0.37487898421429
-2.1133430546069416,0.4289190375518615,-0.5220783305814459
-2.0453391714659706,0.423323513989006,-0.5111818141338434
-0.4619018958104131,0.427648782831508,-0.814229331749837
0.6035504811632726,0.4200112197241459,0.9044804901195678
-1.8903789531711037,0.4127635128949352,-0.9012099633071706
0.4678735866734143,0.4291729468608704,0.8576380098878789
-0.030374284139598196,0.4193518407172128,-0.7467960208946565
-0.4351623980719488,0.4616303689068101,0.6444280170850039
0.8123613993262504,0.9463471759732904,-0.10707042652924237
-0.027551275657612395,0.4227351058961729,0.7947799707300292
0.08397782279251897,0.45133680538701904,0.3999346371920849
-0.9787760832366865,1.2586890099459636,-1.0935767819708253
-1.2903093903970537,0.4188509027640194,-0.643811648482871
-1.9872125916570544,0.41619651372468247,-0.5973392277949274
-0.04204823277585068,0.41771419321037695,0.23949430872545707
-2.1345703040918598,0.42369861931656116,-0.5807971332577633
-2.4411746677848387,0.40914470780348705,-0.9465234203998227
0.6093862097703704,0.4143807635914337,0.9205851648363657
-0.18638190876964988,0.4690614545755342,0.613827996292426
-1.6505795248930177,0.4618873280085235,-0.42878659363946514
-0.11256686253730885,0.4219275884372582,0.786058036770841
-1.4371488654963218,0.4151075776545815,-0.8751007748476813
-0.5779849221474752,1.159739803525901,0.010300265420569499
-0.21583786995502874,0.41296362168643447,-0.29761051059775023
0.4158623223022262,0.4110403246671006,0.48833777939486067
0.15246472824771407,0.4292708746308791,0.2593032332412841
0.902209857427895,0.8852202158533022,-0.11977214485026377
-2.12928652922807,0.42332477182016864,-0.5815556936651096
-0.639581513450214,0.4300548703489971,0.7115098016178754
-1.002411917759749,0.43331623896841326,0.13459459689752862
0.6030453831583886,0.41084590696291845,0.9341572553422799
-1.3007870868444282,0.41858553700053547,-0.6432177357389887
0.3452610654133026,1.2813487238770167,-0.04736487659221411
0.09727449400602972,0.44447109803887763,0.39535172984690203
-2.447495411888223,0.40965539240445215,-0.9474905942837841
0.11272778789119942,0.428373321109783,0.3836383839108226
-0.8169769149965307,0.4208462149889365,-0.6730172108093592
0.5948298221405395,0.4225127890443654,0.8970229068227529
0.3555899295431495,0.4856192965425947,0.2749031417040997
0.4952815611736201,0.4847081916057612,0.9975076179389715
-1.5079008192591044,0.41322476894615695,-0.6311583374877178
-1.58845954001377,0.4845347372528336,-0.43825433624313126
-2.499278779142892,0.41950810430373087,-0.9583097444113184
0.37488546072513107,0.4178257639879359,0.47713729297177365
0.10757489475944504,0.4402065851589363,0.3921451366148776
0.6438539556887919,0.44659907661930254,0.5399710430097655
0.16583023819606257,1.261433538594653,1.1174582798894563
-1.1116712661239432,0.424337980808566,-0.6539746602900152
-0.9845886972810598,0.42871074734345604,0.13929744376796083
0.5860989145898869,0.4109890490219428,0.9498397660388262
-0.14860883882408338,0.41018735474921525,-0.7258866775906581
-2.0847788465661248,0.4262169049384672,-0.5172111243716231
0.4348739770071759,0.42909389801136877,0.8515873885680472
-0.8802182402740079,0.8010773687700918,0.05652880544791228
-1.7345447910382334,0.43697620450677654,-0.40861635352056436
0.6530754086768704,1.0631650019674854,-0.0863681307270241
-0.8797479070625881,0.4201084296392965,-0.328977249005146
0.23679195154730137,1.0917612289463656,1.090667288394784
-1.0210822066450251,0.5630670423998856,0.09139467348689623
-0.26129823182477374,1.3752833465306953,-0.034520795142224614
-1.8646648011769544,0.4224654602475475,-0.48801231478434215
-0.3711328456120143,0.4641021412579708,0.6360771850509965
-0.36836920741263746,0.46419269766940896,0.6357292206849252
-0.40957222870874477,0.462713087118121,0.641015406255526
-0.03517900748013658,0.4228523805766161,-0.7418178427969824
0.35309925276859877,0.4137170849514886,0.3350254250661968
-1.8539114530304832,0.42314931571710895,-0.48674112036124095
-0.8047296062785443,0.4178659838057154,0.16827349341025055
-0.5718658773591677,0.4523810417574996,0.6661534907659719
0.2724592357113742,0.4241179467676442,0.46820067780917185
-0.7954643507527569,0.9176725878350336,0.04217251761082608
-0.9867614566354992,0.42916894891270907,0.13876699625928834
0.4165727028414399,0.45287799720628175,0.2941316487919128
0.5606727978453494,0.4195141247941935,0.5212112530883757
0.46010411695980213,0.5421640200234492,1.0118991407022249
0.17518076062107046,0.41713497469392713,0.4337372381190534
-0.9853822466620126,0.6333653513572925,0.07941451841991887
-0.019886898102018824,0.4186136490855051,0.24156745171923433
-0.47392957427214766,0.4220051507252661,0.7452726523421112
-0.2856026773996676,0.46651233208433257,0.6256061600992309
-0.16283715462297033,1.478466652100295,-1.1832582174689195
0.0011470178438013345,0.4798514602445011,0.5906358079880976
0.37860907051157855,0.47547197337134817,0.2801940573041546
-0.12360451847627552,0.4151519629521926,0.2320941471507767
-0.5123495981476809,1.4101406182246112,-1.131480515494067
0.3343819755062296,1.2881269680532106,-0.045936193166604244
-0.9217342438580872,1.280145147745554,-1.0975433339064857
0.11004635374286775,0.43929219691563914,0.3914098443521701
-0.5663858000309423,0.42437767772982327,0.7305956822356701
-2.3084722111276914,0.5990879805961766,-1.0058672867452887
0.47997146420456827,0.4314748444748937,-0.2640645948967557
0.16641713694986682,0.4163162813635394,0.3726302297529529
-1.8914862080927215,0.413537248566224,-0.6054648900831822
-0.21951704091679303,0.4249640254494311,-0.7904760375882438
0.3863250163307812,0.4193711027518756,0.32587615033340045
0.3511080006007392,0.4281871084487717,0.8385143687116747
0.679641855997235,0.4682065069458029,0.5491077987307955
-0.4140182993278033,1.2902668885969237,-0.012530370755607478
0.06172954026642019,1.4444468811236217,1.1727454668237767
0.5952642939388277,0.42241665335954975,0.8973240141918823
-0.8874197521231375,0.41981580514681216,0.1571805417243115
0.5818159509845617,0.42470602471568014,0.8896133815980771
0.1300384469376521,0.4274577537287398,0.25676793664826225
-1.5498274927836655,0.42435835407812983,-0.3622505431330755
0.17062262253621152,0.43085300903892465,0.2614300566061394
-0.6382618388574961,0.42984334669546365,0.7120739161281164
0.3911299784289508,0.46931928078747126,0.2836566315614799
-0.6549712447137165,0.4353349633439408,0.6990800398325145
-1.0369772325757385,0.4171893986604762,-0.8524003688658524
0.6052269064791023,1.098941673260421,-0.08034760343785363
-1.8576248678337839,0.41290094512218567,-0.6080856717738997
0.37735266869855777,0.4174985447189278,0.3285947846903887
1.2639550743459997,0.4789279847253065,-0.1640138814651637
-0.07909129694285055,0.473445223439213,0.6008919445424443
-0.171260113724378,1.4774295430819269,-1.1812339085244135
-0.29232942805874995,1.3605652801755461,-0.029935925179444434
0.2598070466051752,0.42237453303407624,0.46488820739028447
-0.7771232003228485,0.4204504884041238,-0.6754556315631486
-0.5818333910080677,0.4513436314388071,0.6681955362543763
-1.7157674790368154,0.9259924002264781,-1.0477657017842024
0.19417254685027663,0.4257214213619305,0.8186414535081734
-0.8021891953083722,0.4178260019201018,0.16858343510817386
-0.396207628026485,0.4212300215645033,0.7552915676793837
-1.8348193847002539,0.4125520419731425,-0.6097935803120255
0.4860673221265901,0.4983305349970828,1.0013955825300698
1.2523406495587115,0.48773282543709184,-0.16000035129782142
0.603066780534856,0.41085055495128525,0.9341298630195747
0.0763049291767266,0.41928729918141594,-0.2841384599577801
0.09039641842665924,0.4360255531010732,0.3886642361251864
-1.6597641479307699,0.9543420406231331,-1.051161100885925
-0.27300958949674725,0.41216548981458695,-0.7120651686578467
0.10344700121874895,1.3833976253267073,1.1463317339629475
-1.0082265941967454,0.4353705971391789,0.13284131264578813
0.22447273364074283,1.1229082920661662,1.095072926306343
-0.055689116016041096,0.41602348484133744,-0.290277230516113
0.3465061051223737,0.427247714652115,-0.271009613607901
-0.5258085549834283,1.4066220430304008,-1.130126843737891
0.11020278088167057,1.371794657017065,1.1427747777743276
-2.4760445821524195,0.48693462009053656,-0.9844410731337719
0.2925325370562559,0.40916798069654325,0.348301050784912
-1.1947896536912332,0.4215427395334631,-0.649190601830825
0.41301029819131174,0.4558958298239283,0.2920523597179707
-2.455666424497697,0.41043779399759434,-0.9488079159103002
-0.5989409965504511,0.44935543281330254,0.6720199162346436
-2.1942954187274974,0.42899450703761327,-0.5699216150145803
-1.8422179094919158,0.41265844131935747,-0.6092441700336176
0.8169737677769553,0.9430943625889165,-0.10769698549833095
-2.4713755204570376,0.41246192670116116,-0.951615377454747
0.5264445576497461,1.157176841570901,-0.0704767758892213
0.231071174640338,0.4369804057135015,0.26913816675956115
-1.876043872161921,0.8425240924875368,-1.03782751558491
-0.3649364627654965,0.4643036413984905,0.6352981573541832
0.16177450053925546,0.42223984110138685,0.4082329599048913
-0.5801360568985673,0.42499374515055965,0.7279037616316073
0.10114082030146987,1.3872574202951358,1.1475798079311812
-1.4408679884047555,0.43575468223409963,-0.352957575195623
1.0444125947118046,0.8013339844801666,-0.14422885104450733
-0.22337651352001298,0.4212223020019107,0.7745814180315544
-1.6731746745685556,0.420180937041393,-0.3769167816013447
-1.7345961561226186,0.9163643088424824,-1.0466175240189182
-0.6350300012878745,0.41246683252379174,-0.31694170749914374
0.04345340929792085,1.464556969537878,1.1886412449305837
-0.5929579220096404,0.4151106029784869,0.19071281681634789
-0.43402759643230704,1.4294431991766618,-1.139898791284837
0.6093444276982476,0.4142783388888446,0.920900111370712
-2.2082506889230302,0.6584635733411286,-1.0145770826758245
0.6646868556725607,0.43729045522971655,-0.2536239030169549
-0.6531074405020661,0.4336260067763603,0.702825740095383
0.13880360471650155,0.506495727471196,0.5702514302534383
0.1702687383998891,1.2516342617694265,1.1156527199590889
-1.58365179027267,0.41225186393651503,-0.626571092489529
-0.8402841530994944,0.857674230152855,0.04951740661102666
-2.5121876861592076,0.4283387151187235,-0.9639955683106534
-1.4904348770516456,0.4149727642454809,-0.8780804207288904
1.2321525055030849,0.45859578686352714,-0.198939649100625
-0.28956018249841664,0.4125099697349529,-0.7105165158853761
0.22775846292611512,0.4099046075600451,0.3608723250832355
-0.05883561723394559,0.47471130740933476,0.5983684802482603
-1.6152686212349963,0.41460064381073186,-0.8851044580361485
-0.08309729648906261,0.4162839281859608,0.23573020399014055
-0.5246277511103477,0.42619906247470696,-0.8190804274962793
1.1455164014722596,0.4519168788877915,-0.21419844869186566
-0.4001767812194117,0.41113062015192725,-0.30602274574702604
-1.8157943315272802,0.4263748487265914,-0.48227497702418676
0.5962347765300036,0.4101366104314866,0.9414860320640404
0.38995756135293536,0.6933881855109538,1.037923832968832
0.3172626198921389,0.8799597603859306,1.062972959640989
-0.5858873493489687,1.3902287568205602,-1.1243573772693642
-0.5940124321600517,0.4246088932060821,-0.824162266727456
0.6282685401368135,0.4361607203919946,-0.2557794166420996
0.5976495708695908,0.42877345900386393,0.529317573766656
-2.1892989189939103,0.44004156795340554,-0.5409756678147438
1.2637759949336727,0.47906721675633684,-0.1639447683969637
-0.08564497012200545,0.41836111886808475,-0.770884655735971
-0.9110339154702723,0.4216846105851394,-0.3305967196739775
